USE CarDorm;

INSERT INTO MsCustomer VALUES
('CU001', 'Agatha Santos', 'Female', '20 W. Honey Creek St. Kalispell', 'AgathaSantos@gmail.com', '+62-898-555-546'),
('CU002', 'Khalil', 'Male', '8 East Rockaway Ave. South El Monte', 'KhalilHancock@yahoo.com', '+62-896-555-699'),
('CU003', 'John', 'Male', '9425 Rockcrest Rd. Maumee', 'RavinderJohn@gmail.com', '+62-898-555-800'),
('CU004', 'Edna Moon Zhek', 'Female', '6 Bohemia Court Frederick','EdnaMoon@yahoo.com', '+62-899-555-267'),
('CU005', 'Ayra', 'Female', '643 Cross Dr. Oak Lawn', 'AyraCraig@gmail.com', '+62-899-555-460'),
('CU006', 'Morris', 'Male', '9098 Tailwater Dr. Boston', 'ForrestMorris@yahoo.com', '+62-852-555-590'),
('CU007', 'Athena Nunez Santo', 'Female', '40 Glen Ridge St. Fredericksburg', 'AthenaNunez@gmail.com', '+62-819-555-877'),
('CU008', 'Shaunie', 'Female', '43 Pacific Rd. Martinsville', 'ShaunieChavezs@yahoo.com', '+62-898-555-620'),
('CU009', 'Nasir Mcmanus Jill', 'Male', '602 Halifax Street Dayton', 'NasirMcmanus@gmail.com', '+62-814-555-275'),
('CU010', 'Jorge Woodward', 'Male', '33 Carson Dr. Corpus Christi', 'JorgeWoodward@yahoo.com', '+62-878-555-349');

INSERT INTO [MsStaff] VALUES
('ST001', 'Colton Rosales', 'Male', '847 Longbranch Lane Clemmons', 'ColtonRosales@gmail.com', '+62-818-555-005', 5000000),
('ST002', 'Gwen Orr', 'Female', '72 Old Shore Avenue Hamtramck', 'GwenOrr@yahoo.com', '+62-856-555-608', 5200000),
('ST003', 'Kristie Garrison', 'Female', '622 Primrose Lane Hopewell', 'KristieGarrison@gmail.com', '+62-878-555-399', 5500000),
('ST004', 'Zackery Frank', 'Male', '48 Purple Finch Drive West Springfield', 'ZackeryFranks@yahoo.com', '+62-878-555-350', 6400000),
('ST005', 'Ameen', 'Male', '374 Nut Swamp St. Columbia', 'AmeenStanley@gmail.com', '+62-898-555-908', 7300000),
('ST006', 'Maximus Schaefer', 'Male', '88 Glenlake Dr. Prior Lake', 'MaximusSchaefer@yahoo.com', '+62-818-555-039', 7500000),
('ST007', 'Lindsey Stokes', 'Female', '8216 San Carlos Dr. Nutley', 'LindseyStokes@gmail.com', '+62-813-555-120', 8600000),
('ST008', 'Jimmy Milne', 'Male', '107 Henry St. Chelmsford', 'JimmyMilne@yahoo.com', '+62-838-555-661', 9300000),
('ST009', 'Aleesha', 'Female', '743 Bedford Dr. Troy', 'AleeshaKidd@gmail.com', '+62-859-555-550', 8100000),
('ST010', 'Zaki Gunn', 'Male', '595 Theatre Ave. Garfield', 'ZakiGunn@yahoo.com', '+62-899-555-236', 6800000);

INSERT INTO MsVendor VALUES
('VE001', 'PT Sri Putri Raja Kaya', '8306 Country Dr. Coram', 'SriPutriRajaKaya@gmail.com', '+62-853-555-189'),
('VE002', 'PT Tahun Ramai', '99 Atlantic Drive Coventry', 'TahunRamai@yahoo.com', '+62-898-555-590'),
('VE003', 'PT Sekajang', '7733 Virginia Lane Montclair', 'Sekajang@gmail.com', '+62-838-555-340'),
('VE004', 'PT Casa de Mutiara', '3 S. County Dr. Richmond Hill', 'CasadeMutiara@yahoo.com', '+62-838-555-759'),
('VE005', 'PT Mutiara Bangsa Indah', '9046 Central Avenue Boynton Beach', 'MutiaraBangsaIndah@gmail.com', '+62-857-555-802'),
('VE006', 'PT Joyo Loko', '157 Campfire Lane Hackensack', 'JayaLoka@yahoo.com', '+62-899-555-800'),
('VE007', 'PT Tanduk Cinta Mobil', '16 Paris Hill Ave. Elizabeth City', 'TandukCintaMobil@gmail.com', '+62-812-555-135'),
('VE008', 'PT Nila Bangsa Semesta', '69 S. Bellevue Rd. Unit 5', 'NilaBangsaSemesta@yahoo.com', '+62-853-555-000'),
('VE009', 'PT Malabar Mobil Indah', '78 Olive Circle Glenview', 'MalabarMobilIndah@gmail.com', '+62-815-555-255'),
('VE010', 'PT Lingkaran Indonesia', '9969 Ivy Drive Griffin', 'LingkaranIndonesia@yahoo.com', '+62-817-555-347');

INSERT INTO MsBrand VALUES
('CB001', 'Tayato'),
('CB002', 'Dihatsu'),
('CB003', 'Nassin'),
('CB004', 'Mutsibushu'),
('CB005', 'Uadi'),
('CB006', 'Chovrelot'),
('CB007', 'Vilvi'),
('CB008', 'Masdah'),
('CB009', 'Kai'),
('CB010', 'Luxes');

INSERT INTO MsCar VALUES
('CA001', 'Goodfella', 350000000, 56, 'CB001'),
('CA002', 'Baron', 78400400, 25, 'CB001'),
('CA003', 'Blizzard', 82500600, 10, 'CB002'),
('CA004', 'Barrage', 85500400, 46, 'CB002'),
('CA005', 'Renegade', 380000000, 32, 'CB003'),
('CA006', 'Spret', 106500400, 26, 'CB003'),
('CA007', 'Universe', 125500400, 15, 'CB004'),
('CA008', 'Bolt', 130800400, 4, 'CB004'),
('CA009', 'Namair', 132500600, 68, 'CB005'),
('CA010', 'Warhammer', 155500200, 79, 'CB005'),
('CA011', 'Necro', 32400000, 65, 'CB006'),
('CA012', 'White Noise', 829500400, 80, 'CB006'),
('CA013', 'Bingo Champ', 420000000, 19, 'CB007'),
('CA014', 'Astral', 26500400, 106, 'CB007'),
('CA015', 'Vapo', 204503500, 93, 'CB008'),
('CA016', 'Ace Spade', 3005006600, 8, 'CB008'),
('CA017', 'FunTo Drive', 66500300, 28, 'CB009'),
('CA018', 'Fang', 8500400, 38, 'CB009'),
('CA019', 'Bandit', 562500400, 49, 'CB010'),
('CA020', 'Halo', 605004002, 58, 'CB010');

INSERT INTO PurchaseHeader VALUES
('PU001', '2020-04-06', 'ST001', 'VE001'),
('PU002', '2020-04-05', 'ST002', 'VE006'),
('PU003', '2020-05-18', 'ST003', 'VE008'),
('PU004', '2020-05-15', 'ST004', 'VE002'),
('PU005', '2020-12-04', 'ST008', 'VE002'),
('PU006', '2021-01-19', 'ST009', 'VE003'),
('PU007', '2021-02-01', 'ST009', 'VE004'),
('PU008', '2021-04-28', 'ST002', 'VE005'),
('PU009', '2021-04-22', 'ST003', 'VE007'),
('PU010', '2021-04-13', 'ST007', 'VE009'),
('PU011', '2021-05-04', 'ST005', 'VE001'),
('PU012', '2021-05-28', 'ST006', 'VE002'),
('PU013', '2021-05-18', 'ST010', 'VE008'),
('PU014', '2021-08-31', 'ST001', 'VE004'),
('PU015', '2021-09-22', 'ST002', 'VE005');


INSERT INTO TransactionHeader VALUES
('TR001', '2020-04-02', 'ST002', 'CU002'),
('TR002', '2020-04-09', 'ST001', 'CU007'),
('TR003', '2020-04-24', 'ST004', 'CU008'),
('TR004', '2020-07-29', 'ST003', 'CU009'),
('TR005', '2020-08-04', 'ST009', 'CU001'),
('TR006', '2020-08-19', 'ST008', 'CU003'),
('TR007', '2020-09-02', 'ST008', 'CU004'),
('TR008', '2020-09-21', 'ST002', 'CU005'),
('TR009', '2020-10-22', 'ST003', 'CU006'),
('TR010', '2021-01-13', 'ST006', 'CU010'),
('TR011', '2021-02-04', 'ST005', 'CU001'),
('TR012', '2021-03-28', 'ST007', 'CU002'),
('TR013', '2021-03-16', 'ST010', 'CU003'),
('TR014', '2021-04-19', 'ST002', 'CU004'),
('TR015', '2021-04-13', 'ST001', 'CU005'),
('TR016', '2021-04-27', 'ST003', 'CU002'),
('TR017', '2021-04-22', 'ST002', 'CU008'),
('TR018', '2021-05-18', 'ST008', 'CU001'),
('TR019', '2021-08-19', 'ST008', 'CU006'),
('TR020', '2021-12-20', 'ST010', 'CU008');

INSERT INTO PurchaseDetail VALUES
(15, 'PU001', 'CA008'),
(25, 'PU001', 'CA001'),
(28, 'PU001', 'CA002'),
(10, 'PU002', 'CA008'),
(4, 'PU002', 'CA012'),
(5, 'PU003', 'CA011'),
(11, 'PU004', 'CA017'),
(1, 'PU005', 'CA004'),
(4, 'PU005', 'CA005'),
(3, 'PU006', 'CA005'),
(8, 'PU007', 'CA005'),
(2, 'PU008', 'CA011'),
(5, 'PU008', 'CA008'),
(4, 'PU008', 'CA001'),
(1, 'PU009', 'CA002'),
(1, 'PU009', 'CA007'),
(2, 'PU010', 'CA004'),
(3, 'PU011', 'CA009'),
(6, 'PU012', 'CA008'),
(8, 'PU012', 'CA014'),
(3, 'PU013', 'CA017'),
(8, 'PU014', 'CA005'),
(1, 'PU015', 'CA008'),
(1, 'PU015', 'CA002'),
(3, 'PU015', 'CA001');

INSERT INTO TransactionDetail VALUES
(7, 'TR001', 'CA003'),
(2, 'TR001', 'CA008'),
(3, 'TR002', 'CA002'),
(1, 'TR002', 'CA003'),
(2, 'TR003', 'CA012'),
(3, 'TR003', 'CA001'),
(9, 'TR004', 'CA017'),
(8, 'TR004', 'CA004'),
(2, 'TR005', 'CA005'),
(8, 'TR006', 'CA005'),
(9, 'TR007', 'CA005'),
(12, 'TR008', 'CA011'),
(3, 'TR008', 'CA003'),
(5, 'TR009', 'CA001'),
(7, 'TR009', 'CA002'),
(1, 'TR009', 'CA007'),
(3, 'TR010', 'CA004'),
(3, 'TR011', 'CA009'),
(6, 'TR012', 'CA003'),
(8, 'TR013', 'CA014'),
(3, 'TR013', 'CA001'),
(8, 'TR014', 'CA005'),
(2, 'TR014', 'CA003'),
(1, 'TR015', 'CA013'),
(1, 'TR015', 'CA008'),
(2, 'TR016', 'CA008'),
(2, 'TR017', 'CA012'),
(3, 'TR018', 'CA008'),
(4, 'TR019', 'CA003'),
(1, 'TR020', 'CA020');